<?xml version="1.0" encoding="UTF-8"?>
<suppressions xmlns="https://jeremylong.github.io/DependencyCheck/dependency-suppression.1.2.xsd">
    <!-- Suppress vulnerabilities for hibernate-validator -->
    <suppress>
        <gav>org.hibernate.validator:hibernate-validator:6.0.18.Final</gav>
        <cve>CVE-2023-1932</cve>
    </suppress>

    <!-- Suppress vulnerabilities for jackson-databind -->
    <suppress>
        <gav>com.fasterxml.jackson.core:jackson-databind:2.10.2</gav>
        <cve>CVE-2020-25649</cve>
    </suppress>

    <!-- Suppress vulnerabilities for log4j-api -->
    <suppress>
        <gav>org.apache.logging.log4j:log4j-api:2.12.1</gav>
        <cve>CVE-2020-9488</cve>
    </suppress>

    <!-- Suppress vulnerabilities for logback-core -->
    <suppress>
        <gav>ch.qos.logback:logback-core:1.2.3</gav>
        <cve>CVE-2023-6378</cve>
    </suppress>

    <!-- Suppress vulnerabilities for spring-core -->
    <suppress>
        <gav>org.springframework:spring-core:5.2.3.RELEASE</gav>
        <cve>CVE-2022-22965</cve>
    </suppress>
    
    <suppress>
	   <notes><![CDATA[
	   file name: spring-expression-5.2.3.RELEASE.jar
	   ]]></notes>
	   <sha1>d0c6bb10758805b2153c589686b8045554bfac2d</sha1>
	   <cve>CVE-2022-22965</cve>
	</suppress>
	
	<suppress>
	   <notes><![CDATA[
	   file name: spring-tx-5.2.3.RELEASE.jar
	   ]]></notes>
	   <sha1>99acf44c9844accb84f88672d273ff01527a9592</sha1>
	   <cve>CVE-2022-22965</cve>
	</suppress>
    
    <suppress>
	   <notes><![CDATA[
	   file name: spring-web-5.2.3.RELEASE.jar
	   ]]></notes>
	   <sha1>dd386a02e40b915ab400a3bf9f586d2dc4c0852c</sha1>
	   <cve>CVE-2022-22965</cve>
	</suppress>
	
	<suppress>
	   <notes><![CDATA[
	   file name: spring-webmvc-5.2.3.RELEASE.jar
	   ]]></notes>
	   <sha1>745a62502023d2496b565b7fe102bb1ee229d6b7</sha1>
	   <cve>CVE-2022-22965</cve>
	</suppress>
	
	<suppress>
	   <notes><![CDATA[
	   file name: tomcat-embed-core-9.0.30.jar
	   ]]></notes>
	   <sha1>ad32909314fe2ba02cec036434c0addd19bcc580</sha1>
	   <cve>CVE-2020-1938</cve>
	</suppress>
	
	<suppress>
	   <notes><![CDATA[
	   file name: tomcat-embed-core-9.0.30.jar
	   ]]></notes>
	   <sha1>ad32909314fe2ba02cec036434c0addd19bcc580</sha1>
	   <cve>CVE-2023-44487</cve>
	</suppress>
    
    <suppress>
	   <notes><![CDATA[
	   file name: tomcat-embed-websocket-9.0.30.jar
	   ]]></notes>
	   <sha1>33157f6bc5bfd03380ebb5ac476db0600a04168d</sha1>
	   <cve>CVE-2020-1938</cve>
	</suppress>
	
	<suppress>
	   <notes><![CDATA[
	   file name: tomcat-embed-websocket-9.0.30.jar
	   ]]></notes>
	   <sha1>33157f6bc5bfd03380ebb5ac476db0600a04168d</sha1>
	   <cve>CVE-2023-44487</cve>
	</suppress>
	
	<suppress>
	   <notes><![CDATA[
	   file name: jackson-databind-2.10.2.jar
	   ]]></notes>
	   <sha1>0528de95f198afafbcfb0c09d2e43b6e0ea663ec</sha1>
	   <cve>CVE-2020-36518</cve>
	</suppress>
	
	<suppress>
	   <notes><![CDATA[
	   file name: spring-aop-5.2.3.RELEASE.jar
	   ]]></notes>
	   <sha1>9cdd9a1dd636331767fffcc7fe49a7bb00e7b34b</sha1>
	   <cve>CVE-2022-22965</cve>
	</suppress>
    
</suppressions>
